order_id,atelier_id,service_id,master_id,cost,cost_price,order_date,completion_date
1,1,1,1,643.35,214.02,2025-04-01,2025-04-08
2,1,7,1,1156.52,629.53,2024-04-19,2024-04-22
3,2,4,4,696.91,226.08,2025-05-02,2025-05-04
4,1,6,1,151.86,76.67,2025-01-08,2025-01-10
5,1,8,1,2648.15,657.46,2024-11-20,2024-11-24
6,1,7,1,1221.7,521.91,2025-02-01,2025-02-08
7,1,6,2,220.43,98.15,2024-05-30,2024-06-04
8,1,1,2,1092.62,249.02,2024-04-09,2024-04-13
9,1,4,2,1370.25,588.58,2023-12-07,2023-12-14
10,2,7,4,1263.45,482.04,2023-10-09,2023-10-13
11,2,4,3,813.42,419.03,2024-03-24,2024-03-27
12,2,3,4,365.1,136.78,2024-05-23,2024-05-29
13,2,5,4,2266.75,652.47,2024-11-24,2024-11-30
14,2,10,4,757.85,269.09,2024-09-18,2024-09-24
15,2,10,3,1013.78,219.63,2023-09-29,2023-10-03
16,2,6,3,170.94,41.92,2023-09-10,2023-09-13
17,2,9,4,433.52,101.46,2024-10-15,2024-10-20
18,1,9,1,173.73,57.8,2024-03-31,2024-04-03
19,1,6,2,175.0,44.86,2025-08-24,2025-08-31
20,1,6,2,249.89,76.0,2024-08-09,2024-08-16
21,1,10,2,1004.22,319.05,2023-10-22,2023-10-29
22,2,3,4,251.28,127.9,2025-04-28,2025-05-03
23,2,5,4,2565.71,854.49,2025-02-03,2025-02-10
24,1,2,2,1869.41,924.64,2025-07-23,2025-07-30
25,2,7,4,1286.45,533.25,2024-09-11,2024-09-16
26,2,6,4,347.59,120.76,2024-05-24,2024-05-27
27,1,3,1,242.04,67.91,2023-10-14,2023-10-18
28,2,3,4,166.61,79.41,2023-09-21,2023-09-23
29,2,8,3,2773.61,962.78,2025-05-19,2025-05-21
30,1,10,1,651.34,388.47,2024-01-23,2024-01-27
31,2,9,4,265.52,124.15,2025-04-30,2025-05-05
32,2,3,4,214.42,87.84,2024-01-31,2024-02-02
33,1,8,2,2181.89,1135.29,2023-11-23,2023-11-25
34,1,9,2,273.31,123.7,2023-09-14,2023-09-15
35,1,1,2,896.38,245.69,2023-12-16,2023-12-21
36,1,7,2,534.6,154.4,2023-11-16,2023-11-19
37,1,3,1,381.77,205.67,2025-03-15,2025-03-20
38,2,4,4,1494.33,795.6,2024-04-11,2024-04-17
39,2,1,4,708.47,188.21,2023-10-13,2023-10-15
40,1,1,2,1080.36,281.34,2023-10-25,2023-10-31
41,2,10,4,773.29,463.01,2024-01-29,2024-01-30
42,1,10,2,1422.98,748.86,2025-01-02,2025-01-09
43,1,8,1,2205.49,480.44,2024-05-06,2024-05-10
44,1,4,2,533.86,245.05,2023-11-03,2023-11-10
45,1,4,2,1197.04,653.06,2023-09-27,2023-10-01
46,2,7,4,1329.56,459.41,2024-03-27,2024-04-03
47,2,8,3,1781.89,898.35,2025-04-23,2025-04-28
48,2,3,3,486.41,106.92,2024-09-07,2024-09-13
49,1,7,2,829.07,173.66,2024-06-11,2024-06-17
50,2,7,3,1283.2,568.65,2025-01-15,2025-01-19
51,2,4,4,1051.5,492.03,2025-08-24,2025-08-27
52,2,9,3,429.98,239.31,2024-03-01,2024-03-04
53,2,9,3,219.98,118.53,2024-09-27,2024-10-03
54,1,8,2,2749.47,1336.65,2025-05-09,2025-05-14
55,1,3,2,193.43,71.35,2024-06-24,2024-06-28
56,2,4,3,1279.85,503.5,2024-11-10,2024-11-11
57,2,5,4,2161.45,495.52,2024-02-19,2024-02-26
58,2,10,3,561.56,151.51,2023-09-21,2023-09-27
59,1,5,1,2338.77,1150.07,2024-07-15,2024-07-21
60,1,7,1,502.18,129.89,2024-06-19,2024-06-25
61,1,5,2,1646.33,565.55,2024-08-25,2024-08-30
62,2,8,4,1509.71,895.25,2024-12-20,2024-12-23
63,1,6,2,416.38,84.9,2025-07-12,2025-07-18
64,1,4,2,1334.97,428.97,2025-06-02,2025-06-09
65,1,10,1,1241.87,727.09,2024-08-07,2024-08-14
66,1,3,1,269.46,65.64,2024-05-29,2024-06-03
67,2,9,4,154.31,52.53,2025-01-05,2025-01-06
68,1,7,1,1137.85,492.79,2024-09-15,2024-09-21
69,2,8,3,2570.54,1431.18,2024-04-15,2024-04-17
70,2,7,3,815.77,297.23,2024-09-01,2024-09-04
71,2,4,4,717.04,379.57,2025-04-15,2025-04-20
72,2,5,3,2916.91,966.87,2025-03-02,2025-03-09
73,1,6,1,224.44,54.91,2023-11-26,2023-11-30
74,1,8,1,1784.67,916.36,2024-02-25,2024-02-28
75,2,3,4,271.37,98.93,2023-10-14,2023-10-19
76,1,3,1,397.92,111.83,2025-02-18,2025-02-21
77,1,7,1,1177.99,493.48,2024-02-03,2024-02-10
78,2,3,4,191.42,56.07,2025-05-18,2025-05-19
79,2,10,4,1052.81,566.22,2024-01-19,2024-01-22
80,2,8,4,1607.69,848.47,2023-09-24,2023-09-29
81,1,8,1,1916.01,528.92,2024-12-15,2024-12-19
82,2,6,4,257.9,104.66,2023-10-31,2023-11-01
83,2,10,3,1006.26,524.87,2025-04-16,2025-04-17
84,1,8,1,2373.07,824.93,2025-08-27,2025-08-28
85,1,4,1,638.48,200.54,2024-09-30,2024-10-04
86,2,1,4,1351.49,363.03,2024-06-30,2024-07-01
87,2,6,3,424.89,209.15,2024-04-16,2024-04-20
88,2,10,4,1263.48,611.95,2023-09-18,2023-09-19
89,2,1,4,1326.27,502.0,2024-04-04,2024-04-08
90,2,9,4,200.31,52.23,2025-05-15,2025-05-19
91,1,6,2,251.98,79.87,2024-11-05,2024-11-11
92,2,8,4,1557.39,766.01,2024-10-17,2024-10-23
93,1,7,2,1195.85,341.1,2024-09-19,2024-09-26
94,1,3,2,348.29,156.4,2024-01-09,2024-01-13
95,2,5,4,2939.03,859.15,2024-07-18,2024-07-22
96,2,6,3,155.13,86.53,2023-12-30,2023-12-31
97,2,1,3,1235.57,487.99,2024-08-10,2024-08-14
98,1,10,2,1142.17,631.61,2024-11-17,2024-11-24
99,2,4,4,980.48,245.65,2024-08-07,2024-08-14
100,1,4,1,1245.47,267.71,2024-04-07,2024-04-14
101,1,1,1,1176.15,475.46,2024-03-31,2024-04-05
102,1,8,2,2172.08,581.36,2024-10-14,2024-10-20
103,2,1,3,881.98,416.87,2024-10-13,2024-10-17
104,2,2,3,1654.94,450.92,2024-11-07,2024-11-08
105,2,6,3,262.13,112.82,2025-01-25,2025-01-31
106,2,9,3,436.47,229.23,2024-01-18,2024-01-21
107,2,2,4,2219.78,685.26,2024-12-11,2024-12-12
108,1,3,2,301.78,156.42,2025-07-29,2025-08-03
109,1,7,2,521.44,223.14,2025-04-17,2025-04-20
110,2,2,3,1909.16,1109.52,2024-05-06,2024-05-13
111,2,2,3,2602.85,564.99,2025-02-13,2025-02-18
112,2,4,4,968.82,489.67,2024-04-08,2024-04-10
113,1,7,2,769.45,252.52,2024-03-21,2024-03-28
114,2,5,3,1705.63,675.71,2023-10-21,2023-10-27
115,2,6,3,308.28,70.34,2024-06-19,2024-06-24
116,2,9,4,354.94,137.23,2024-08-25,2024-08-28
117,2,10,4,1371.89,388.9,2024-05-03,2024-05-05
118,2,1,4,545.1,263.47,2024-02-17,2024-02-18
119,2,7,4,1458.59,482.61,2024-07-12,2024-07-17
120,1,10,1,1055.39,523.49,2025-07-15,2025-07-21
121,2,3,3,266.97,136.36,2024-03-27,2024-03-30
122,2,10,4,1196.39,495.86,2025-07-02,2025-07-07
123,1,6,1,264.78,73.94,2024-08-31,2024-09-07
124,2,10,4,1103.53,473.87,2025-02-21,2025-02-23
125,2,8,3,2978.07,876.02,2024-08-05,2024-08-08
126,2,6,3,395.14,125.16,2023-12-16,2023-12-17
127,2,5,3,2586.26,1419.41,2024-09-07,2024-09-12
128,1,3,2,277.38,141.35,2024-05-15,2024-05-21
129,2,3,3,175.16,75.46,2023-12-16,2023-12-18
130,1,4,1,977.49,509.25,2024-01-27,2024-01-29
131,2,2,3,2450.33,1026.02,2024-09-21,2024-09-22
132,2,9,3,309.23,116.91,2025-01-26,2025-01-31
133,1,1,2,1173.68,569.92,2024-08-01,2024-08-02
134,2,10,3,1261.6,699.4,2024-01-17,2024-01-19
135,2,9,4,257.4,82.64,2024-01-14,2024-01-16
136,1,5,2,2158.91,909.66,2025-09-08,2025-09-10
137,2,9,3,376.18,213.87,2023-11-10,2023-11-17
138,1,3,2,372.75,106.49,2025-06-07,2025-06-12
139,1,1,1,1488.52,652.46,2024-11-13,2024-11-20
140,1,6,1,204.29,49.48,2024-02-20,2024-02-24
141,2,6,3,159.12,38.6,2023-11-18,2023-11-21
142,1,9,2,226.07,119.31,2025-07-29,2025-08-03
143,1,6,1,277.71,92.35,2025-01-29,2025-02-04
144,1,1,1,919.09,428.84,2023-11-11,2023-11-16
145,1,4,2,722.68,360.02,2024-09-29,2024-10-05
146,2,3,3,178.07,39.43,2024-02-14,2024-02-20
147,2,10,3,1333.26,661.87,2024-12-08,2024-12-12
148,1,1,1,517.75,156.82,2025-01-06,2025-01-08
149,2,5,4,1669.51,518.95,2023-12-29,2024-01-05
150,2,6,3,352.41,180.36,2023-10-24,2023-10-26
151,1,9,1,240.34,110.62,2024-04-11,2024-04-15
152,2,10,4,1199.71,587.45,2024-11-04,2024-11-08
153,2,3,4,397.96,238.74,2023-09-22,2023-09-26
154,2,6,4,300.83,168.91,2024-03-18,2024-03-19
155,2,8,3,2981.25,1715.85,2024-12-14,2024-12-16
156,2,2,4,2879.2,1175.05,2024-01-08,2024-01-12
157,2,2,4,1528.55,814.66,2024-12-16,2024-12-17
158,2,1,3,728.59,224.89,2023-11-29,2023-12-05
159,1,9,2,294.44,68.04,2025-04-26,2025-05-01
160,2,3,4,472.02,180.34,2025-03-09,2025-03-12
161,1,4,2,1092.81,363.79,2024-04-19,2024-04-23
162,1,8,2,1531.22,847.11,2025-08-24,2025-08-29
163,1,3,2,418.14,134.57,2024-11-05,2024-11-07
164,1,6,2,261.72,92.14,2024-05-05,2024-05-06
165,1,1,1,1182.99,374.67,2023-10-08,2023-10-11
166,1,9,2,446.85,165.6,2024-05-18,2024-05-23
167,1,4,2,536.26,113.66,2025-08-25,2025-09-01
168,2,10,3,1005.2,486.69,2024-06-04,2024-06-09
169,1,2,1,1610.33,703.24,2023-12-24,2023-12-30
170,2,9,3,309.54,87.71,2024-01-20,2024-01-23
171,1,3,2,469.4,135.75,2024-09-16,2024-09-18
172,1,2,2,2829.13,866.12,2025-04-15,2025-04-20
173,2,4,3,911.87,433.39,2024-04-15,2024-04-20
174,2,6,4,298.25,130.16,2024-12-20,2024-12-27
175,1,7,1,1029.45,365.76,2024-07-16,2024-07-22
176,2,1,3,721.98,222.63,2025-07-02,2025-07-03
177,1,4,2,1318.25,631.24,2024-11-03,2024-11-09
178,2,4,4,693.79,205.16,2023-12-03,2023-12-08
179,2,3,4,481.13,211.69,2024-11-08,2024-11-11
180,2,3,3,296.22,135.36,2025-05-21,2025-05-28
181,2,4,3,763.33,185.88,2024-09-11,2024-09-13
182,2,2,4,2176.87,601.94,2024-05-15,2024-05-20
183,1,2,2,2401.02,528.6,2025-05-29,2025-06-02
184,1,5,2,2271.6,1361.21,2024-10-02,2024-10-09
185,2,7,3,1049.03,310.83,2025-08-16,2025-08-22
186,2,3,4,207.41,96.32,2025-01-07,2025-01-11
187,1,4,2,820.01,438.63,2025-04-21,2025-04-25
188,2,10,3,1042.07,316.17,2024-06-18,2024-06-23
189,2,10,4,651.34,299.07,2023-11-24,2023-11-25
190,2,10,3,1449.52,783.72,2025-05-14,2025-05-16
191,2,2,3,2128.75,901.12,2024-08-26,2024-08-27
192,2,1,3,1471.78,865.41,2024-07-30,2024-07-31
193,1,7,2,811.61,247.63,2024-10-19,2024-10-23
194,1,9,2,188.4,111.46,2024-10-06,2024-10-08
195,2,1,4,991.78,425.73,2025-04-08,2025-04-13
196,2,1,4,590.2,136.53,2024-12-21,2024-12-22
197,2,8,4,1991.69,1105.93,2025-02-05,2025-02-06
198,1,2,2,1823.22,576.12,2023-11-22,2023-11-28
199,2,10,3,747.75,375.52,2025-08-31,2025-09-04
200,2,5,3,1707.01,810.16,2024-02-26,2024-03-04
201,1,7,1,1241.32,608.73,2024-05-10,2024-05-13
202,1,10,1,811.41,457.64,2024-02-17,2024-02-20
203,1,6,1,335.4,137.36,2025-06-19,2025-06-23
204,1,1,1,953.9,222.45,2024-07-08,2024-07-09
205,1,4,1,709.36,374.11,2024-12-28,2024-12-31
206,1,6,2,442.5,245.69,2024-07-23,2024-07-27
207,2,5,3,2725.32,1136.95,2023-12-26,2023-12-31
208,1,9,1,164.33,46.97,2025-05-04,2025-05-11
209,1,2,1,2594.37,1207.05,2024-11-10,2024-11-12
210,2,4,4,1462.08,676.82,2024-09-25,2024-09-29
211,2,7,4,1057.17,470.27,2023-10-27,2023-10-29
212,2,6,3,382.2,143.86,2024-02-08,2024-02-09
213,2,4,4,577.19,124.85,2024-07-28,2024-08-02
214,2,10,3,660.7,158.87,2025-03-08,2025-03-09
215,2,8,3,2190.09,999.7,2024-10-26,2024-11-02
216,2,5,4,2232.82,553.93,2023-11-16,2023-11-20
217,1,8,1,2316.74,1253.37,2025-06-29,2025-07-01
218,2,1,4,1176.67,309.14,2024-09-23,2024-09-28
219,2,4,3,776.03,283.94,2025-05-12,2025-05-16
220,2,7,3,726.76,212.42,2024-02-20,2024-02-23
221,2,8,3,1690.19,734.46,2024-10-11,2024-10-15
222,1,2,1,1601.67,672.38,2025-03-01,2025-03-07
223,2,7,4,908.82,401.75,2025-02-25,2025-02-26
224,1,8,2,1933.4,389.33,2023-12-05,2023-12-08
225,2,8,3,2639.41,1142.05,2024-07-08,2024-07-10
226,1,4,2,1330.57,357.11,2024-09-05,2024-09-06
227,1,3,1,212.76,114.49,2025-01-15,2025-01-18
228,2,4,4,778.73,247.16,2024-12-12,2024-12-13
229,1,8,1,1782.53,845.38,2024-10-21,2024-10-27
230,2,5,4,1797.79,745.58,2024-03-19,2024-03-26
231,1,2,2,2786.32,1208.22,2024-09-25,2024-09-27
232,1,1,2,984.93,273.48,2023-09-26,2023-10-01
233,1,1,1,1342.88,692.33,2024-06-29,2024-07-02
234,2,4,3,1112.43,296.86,2025-08-12,2025-08-13
235,2,10,4,1148.83,682.03,2024-02-06,2024-02-09
236,1,5,1,2081.42,808.93,2024-09-12,2024-09-16
237,2,8,4,2100.76,592.72,2024-10-09,2024-10-10
238,2,3,3,338.75,134.3,2025-01-05,2025-01-10
239,1,8,2,2595.45,1230.92,2023-09-29,2023-10-04
240,2,4,3,942.53,544.48,2025-08-17,2025-08-23
241,2,3,3,444.2,218.0,2024-01-20,2024-01-21
242,1,3,1,243.18,87.97,2025-04-21,2025-04-28
243,2,8,3,2660.68,1510.56,2023-11-28,2023-11-29
244,1,2,1,2293.88,1037.86,2024-02-09,2024-02-11
245,2,4,4,828.44,359.96,2023-11-14,2023-11-20
246,2,7,3,1497.13,696.4,2025-06-02,2025-06-04
247,1,7,2,993.39,352.28,2025-04-01,2025-04-08
248,2,2,4,2901.34,1613.63,2024-05-19,2024-05-21
249,1,10,2,1241.61,692.05,2023-10-20,2023-10-24
250,2,5,4,1656.83,905.16,2025-07-28,2025-07-29
251,1,8,2,2974.96,1753.16,2025-06-24,2025-07-01
252,2,5,4,1802.03,543.17,2025-08-01,2025-08-07
253,2,2,3,2778.97,1539.64,2025-05-10,2025-05-11
254,2,4,4,688.41,304.42,2024-08-10,2024-08-11
255,2,9,3,201.82,118.36,2025-03-05,2025-03-07
256,1,3,2,160.66,79.54,2025-02-25,2025-03-03
257,1,1,2,665.27,350.09,2024-02-26,2024-03-01
258,2,2,3,2291.41,875.4,2024-04-06,2024-04-12
259,1,3,2,464.8,158.95,2023-12-19,2023-12-23
260,2,8,3,2340.56,736.07,2024-07-23,2024-07-30
261,2,3,4,410.56,118.68,2024-10-03,2024-10-08
262,2,8,3,2841.01,1088.42,2024-02-14,2024-02-21
263,1,5,2,2757.23,1471.04,2023-12-24,2023-12-25
264,2,5,4,1816.14,593.87,2023-11-15,2023-11-18
265,2,2,3,2372.15,1124.91,2024-06-19,2024-06-25
266,2,4,3,1064.21,255.99,2025-07-11,2025-07-16
267,2,1,3,1288.94,597.14,2025-09-07,2025-09-12
268,2,1,3,1086.84,331.49,2025-08-03,2025-08-08
269,1,1,1,1116.69,339.44,2025-03-04,2025-03-10
270,2,8,3,2705.9,627.84,2024-08-17,2024-08-23
271,1,4,1,598.15,198.07,2024-05-26,2024-05-31
272,2,8,4,2654.7,1329.91,2024-03-07,2024-03-11
273,1,5,2,2848.14,944.97,2024-11-25,2024-11-26
274,2,4,3,1001.11,357.28,2025-07-09,2025-07-11
275,2,6,3,429.38,117.76,2025-04-11,2025-04-13
276,2,2,3,2853.55,1348.52,2025-06-08,2025-06-10
277,1,5,2,2664.19,643.19,2025-03-26,2025-04-01
278,2,7,4,1112.47,401.39,2024-11-03,2024-11-07
279,1,10,2,571.39,212.17,2025-06-02,2025-06-06
280,1,5,2,1992.99,659.05,2023-12-14,2023-12-21
281,2,2,3,1704.2,695.2,2024-06-16,2024-06-21
282,2,6,4,442.06,248.26,2025-05-07,2025-05-10
283,2,10,3,776.19,171.8,2025-08-29,2025-09-04
284,2,7,4,954.34,555.86,2024-08-13,2024-08-15
285,2,9,3,221.18,113.29,2025-08-04,2025-08-08
286,2,6,3,484.93,247.16,2024-10-22,2024-10-25
287,1,6,2,161.2,65.37,2024-01-09,2024-01-16
288,1,2,1,1678.69,347.96,2024-09-30,2024-10-07
289,2,3,4,366.74,196.1,2024-04-27,2024-04-28
290,1,7,1,1144.93,462.87,2024-11-02,2024-11-04
291,1,2,1,2898.46,1275.38,2025-03-13,2025-03-19
292,1,7,1,1019.61,489.42,2025-04-01,2025-04-07
293,1,1,2,758.82,227.9,2024-07-01,2024-07-06
294,1,2,1,2218.42,1129.28,2023-09-27,2023-10-02
295,1,8,2,1816.33,693.65,2025-04-03,2025-04-06
296,1,2,1,2945.26,1342.76,2024-07-24,2024-07-29
297,1,6,2,373.35,213.06,2024-03-19,2024-03-23
298,2,2,4,2691.47,1495.83,2024-06-25,2024-06-30
299,1,8,1,2053.5,977.72,2023-11-22,2023-11-28
300,1,6,1,333.87,111.91,2024-04-10,2024-04-12
301,1,5,1,2442.35,814.25,2025-04-08,2025-04-11
302,1,3,1,304.24,127.02,2024-11-22,2024-11-24
303,1,4,2,868.02,209.61,2024-04-19,2024-04-24
304,1,8,2,2280.44,1244.28,2024-05-20,2024-05-23
305,2,10,3,857.55,371.46,2023-10-18,2023-10-21
306,2,1,4,1109.1,232.66,2024-04-24,2024-05-01
307,1,5,2,2854.09,1360.17,2024-05-18,2024-05-22
308,1,10,1,1431.66,764.72,2023-12-01,2023-12-07
309,2,9,3,235.43,90.38,2024-01-24,2024-01-30
310,1,2,2,2710.56,1461.42,2025-02-27,2025-03-02
311,1,10,1,814.81,291.23,2025-06-21,2025-06-25
312,1,6,1,346.24,202.14,2025-01-09,2025-01-13
313,2,6,3,338.27,112.47,2025-03-10,2025-03-13
314,2,2,3,1790.12,895.46,2024-10-01,2024-10-04
315,1,1,1,848.4,291.05,2024-08-31,2024-09-02
316,1,4,1,915.36,269.42,2024-09-06,2024-09-13
317,2,8,3,1581.64,720.77,2025-05-06,2025-05-12
318,1,5,1,1518.51,609.36,2025-03-15,2025-03-19
319,2,5,4,2603.06,1307.4,2024-03-21,2024-03-27
320,1,4,2,1453.63,764.69,2023-09-11,2023-09-15
321,1,1,1,696.92,268.29,2023-10-28,2023-11-02
322,2,4,3,779.73,225.93,2024-03-21,2024-03-23
323,1,8,1,1811.29,508.64,2025-08-03,2025-08-10
324,1,1,2,597.43,249.52,2024-12-21,2024-12-22
325,1,6,1,310.33,126.02,2024-01-31,2024-02-01
326,2,8,3,2685.95,1156.83,2024-04-13,2024-04-17
327,2,10,4,1083.81,221.53,2025-07-13,2025-07-18
328,1,5,1,2078.99,866.04,2024-04-24,2024-04-29
329,1,2,1,1975.91,469.9,2025-07-04,2025-07-09
330,2,10,4,637.03,355.32,2025-05-31,2025-06-05
331,1,8,2,2527.29,804.64,2025-04-17,2025-04-20
332,1,5,2,2529.78,1125.1,2024-05-08,2024-05-12
333,2,2,4,2034.72,1208.93,2025-01-22,2025-01-25
334,2,2,3,2770.91,1086.24,2025-04-03,2025-04-07
335,1,10,1,1310.93,601.71,2025-05-11,2025-05-18
336,2,4,3,822.89,226.17,2024-08-28,2024-08-30
337,2,4,3,972.65,540.24,2025-02-21,2025-02-28
338,2,6,4,222.38,116.59,2024-07-09,2024-07-13
339,2,8,4,1904.31,525.58,2025-08-11,2025-08-13
340,1,10,1,1174.31,411.7,2024-02-02,2024-02-03
341,2,1,4,1262.41,269.41,2024-04-26,2024-05-03
342,1,8,2,2062.28,594.73,2023-10-01,2023-10-03
343,2,5,4,2284.94,657.2,2025-05-28,2025-05-29
344,2,10,3,979.59,574.86,2025-08-01,2025-08-05
345,2,10,3,1167.86,685.54,2025-05-05,2025-05-09
346,2,5,3,1981.14,704.97,2024-07-13,2024-07-20
347,2,1,4,646.54,382.23,2024-04-21,2024-04-24
348,1,4,1,674.02,215.12,2023-09-23,2023-09-24
349,1,7,1,1254.9,525.12,2024-02-23,2024-02-28
350,1,6,2,228.64,82.14,2025-03-23,2025-03-28
351,1,3,2,474.21,153.03,2024-07-15,2024-07-20
352,1,1,2,1230.87,653.73,2024-09-29,2024-10-04
353,1,3,1,459.69,172.35,2024-07-30,2024-08-03
354,1,5,1,2759.45,987.82,2023-11-23,2023-11-30
355,1,9,2,499.39,288.06,2025-09-03,2025-09-10
356,1,5,2,2005.42,1026.39,2024-06-15,2024-06-19
357,2,4,3,539.92,191.23,2024-08-21,2024-08-27
358,1,3,2,408.1,207.48,2024-10-13,2024-10-20
359,1,9,2,235.62,126.19,2024-08-18,2024-08-23
360,2,5,4,1949.8,685.48,2025-05-30,2025-06-06
361,1,6,1,401.59,166.75,2025-01-03,2025-01-09
362,1,2,2,1664.73,535.73,2025-06-21,2025-06-22
363,2,4,4,992.07,588.62,2024-11-25,2024-11-28
364,1,3,1,256.33,79.23,2025-01-06,2025-01-13
365,1,5,2,2536.7,1415.56,2024-01-30,2024-02-03
366,2,4,3,537.08,128.84,2024-11-26,2024-12-03
367,2,9,3,264.01,71.79,2023-11-23,2023-11-28
368,1,8,2,1776.01,512.09,2023-12-05,2023-12-10
369,2,10,4,1312.91,425.39,2024-08-13,2024-08-18
370,1,8,1,2191.33,1201.17,2024-07-26,2024-08-01
371,1,7,2,1227.72,565.25,2024-11-29,2024-11-30
372,2,7,4,876.37,276.87,2024-09-16,2024-09-19
373,2,4,3,649.32,264.6,2025-01-22,2025-01-26
374,1,7,2,1174.25,447.32,2024-02-23,2024-02-25
375,1,9,1,274.18,71.86,2024-02-24,2024-03-02
376,2,2,4,2933.11,1663.79,2024-01-11,2024-01-16
377,1,2,1,2686.72,1016.42,2025-01-18,2025-01-24
378,1,5,1,1584.25,828.46,2023-12-23,2023-12-27
379,2,7,3,659.72,294.86,2025-05-26,2025-05-30
380,2,9,3,387.7,193.29,2024-11-06,2024-11-13
381,2,7,3,531.52,133.33,2024-01-26,2024-01-29
382,1,7,1,929.95,538.57,2025-07-09,2025-07-11
383,2,8,3,2931.18,1429.96,2024-06-12,2024-06-13
384,1,9,1,280.0,132.09,2024-09-27,2024-10-04
385,2,2,3,1942.59,857.09,2025-04-07,2025-04-14
386,1,9,2,427.7,86.51,2023-10-03,2023-10-07
387,1,1,2,1218.83,293.89,2024-05-22,2024-05-25
388,1,2,1,1873.54,1116.07,2024-10-11,2024-10-15
389,2,8,4,2568.89,1074.61,2025-04-22,2025-04-29
390,2,7,4,992.27,500.36,2024-12-03,2024-12-09
391,1,9,1,457.63,167.34,2025-05-17,2025-05-19
392,2,3,4,254.0,149.09,2025-04-01,2025-04-04
393,2,1,4,1167.62,700.14,2025-04-16,2025-04-22
394,2,1,3,1395.11,560.55,2024-06-01,2024-06-05
395,1,7,2,851.73,359.06,2024-03-04,2024-03-10
396,2,4,4,893.32,324.6,2024-08-01,2024-08-03
397,2,6,3,381.34,117.04,2023-10-01,2023-10-08
398,1,9,2,204.93,85.6,2025-06-16,2025-06-20
399,2,4,3,691.88,146.13,2023-12-07,2023-12-13
400,2,7,3,1259.2,744.05,2024-11-29,2024-12-01
401,2,8,4,2958.75,1514.43,2024-11-20,2024-11-22
402,2,10,4,981.85,375.71,2024-09-26,2024-09-29
403,1,10,2,825.09,171.11,2024-12-28,2024-12-31
404,2,7,3,571.86,234.64,2024-01-17,2024-01-19
405,1,3,2,297.97,67.56,2024-07-09,2024-07-12
406,1,4,2,674.92,360.42,2023-09-19,2023-09-26
407,2,8,3,2819.5,972.06,2025-03-17,2025-03-20
408,2,3,4,350.28,126.55,2025-02-03,2025-02-07
409,1,10,1,716.98,230.33,2024-02-25,2024-03-02
410,2,2,3,1998.41,741.71,2023-11-27,2023-12-01
411,2,2,4,1508.68,867.43,2024-10-26,2024-10-28
412,1,1,2,892.68,274.37,2024-08-05,2024-08-09
413,1,9,2,435.62,225.23,2025-05-09,2025-05-14
414,1,10,2,1118.78,295.92,2025-05-06,2025-05-12
415,2,6,3,450.96,114.33,2024-02-19,2024-02-23
416,2,6,4,168.04,87.06,2025-07-21,2025-07-23
417,1,10,2,635.24,162.0,2024-09-14,2024-09-18
418,1,4,2,1071.76,383.88,2025-07-30,2025-08-04
419,2,1,3,865.09,279.97,2024-11-17,2024-11-23
420,1,9,1,383.37,204.52,2024-11-19,2024-11-20
421,1,5,1,2513.51,1021.36,2025-05-16,2025-05-20
422,2,4,4,1189.38,305.01,2025-05-26,2025-05-29
423,1,6,2,260.2,140.99,2024-10-30,2024-11-03
424,2,5,4,2022.28,884.01,2025-06-24,2025-06-25
425,2,6,3,295.28,67.42,2024-01-28,2024-02-02
426,2,6,4,423.27,238.22,2023-10-28,2023-10-31
427,2,8,3,2946.07,1716.78,2024-09-26,2024-09-27
428,2,1,4,1346.22,445.28,2024-11-17,2024-11-20
429,2,4,3,1436.8,288.73,2025-05-04,2025-05-11
430,2,7,3,544.58,200.93,2025-01-19,2025-01-21
431,1,2,1,1659.73,692.94,2024-08-30,2024-09-05
432,2,7,4,1100.51,634.39,2023-09-14,2023-09-17
433,2,6,4,344.08,191.89,2024-12-18,2024-12-22
434,1,3,2,217.62,106.0,2025-04-17,2025-04-18
435,1,5,1,1793.25,1016.76,2025-05-06,2025-05-08
436,2,8,4,1999.61,764.78,2024-01-05,2024-01-06
437,1,9,2,385.21,153.68,2024-03-11,2024-03-15
438,1,6,2,234.67,54.38,2023-11-28,2023-12-05
439,1,9,1,379.01,91.45,2025-06-13,2025-06-20
440,1,5,1,2619.79,1482.3,2025-07-22,2025-07-23
441,1,4,1,705.23,326.87,2024-12-30,2025-01-05
442,2,6,4,290.29,72.92,2024-10-07,2024-10-11
443,1,5,2,1826.82,812.66,2024-04-05,2024-04-06
444,2,7,4,1475.85,360.79,2025-05-29,2025-06-03
445,1,9,1,370.4,76.3,2025-03-30,2025-04-01
446,1,10,2,690.7,147.83,2025-01-09,2025-01-11
447,2,2,4,2290.28,624.29,2025-08-19,2025-08-25
448,1,1,2,913.95,400.75,2023-12-03,2023-12-05
449,2,5,4,1946.71,925.34,2024-12-17,2024-12-22
450,2,10,3,617.7,136.98,2023-11-10,2023-11-15
451,1,9,2,390.83,174.01,2025-05-22,2025-05-27
452,1,7,2,997.71,488.84,2024-07-09,2024-07-11
453,2,2,4,1597.26,410.6,2025-04-19,2025-04-22
454,2,8,3,1874.38,477.04,2025-07-05,2025-07-10
455,1,10,2,957.67,345.41,2025-01-10,2025-01-11
456,1,7,1,1135.65,371.78,2023-11-07,2023-11-12
457,2,10,4,990.9,401.02,2025-07-12,2025-07-17
458,1,2,1,2979.46,775.27,2025-01-04,2025-01-06
459,2,2,3,1994.48,997.87,2025-01-03,2025-01-04
460,2,8,4,2140.05,1024.73,2025-07-16,2025-07-17
461,1,4,1,1110.3,270.61,2024-06-02,2024-06-06
462,2,3,4,167.71,99.94,2024-03-04,2024-03-07
463,1,4,1,1357.73,548.78,2024-07-31,2024-08-01
464,2,10,4,1247.95,729.29,2025-03-01,2025-03-02
465,1,6,1,363.41,146.23,2024-03-26,2024-04-01
466,1,4,1,1420.69,788.88,2025-07-23,2025-07-25
467,1,9,1,363.97,135.11,2025-08-27,2025-08-30
468,1,1,1,1121.16,666.43,2024-01-12,2024-01-15
469,2,5,4,2398.4,714.12,2023-09-14,2023-09-18
470,1,10,2,752.39,291.74,2025-02-22,2025-02-24
471,1,1,1,1422.77,748.79,2023-10-23,2023-10-24
472,2,10,4,878.43,201.8,2024-02-08,2024-02-12
473,1,1,2,1278.94,516.85,2025-05-23,2025-05-25
474,1,1,2,1109.43,541.53,2025-08-27,2025-09-03
475,1,2,1,1975.24,442.85,2023-12-26,2024-01-02
476,2,1,4,1246.98,387.91,2024-03-23,2024-03-27
477,1,1,2,1195.73,445.96,2024-01-04,2024-01-10
478,1,7,2,907.21,457.06,2025-05-27,2025-05-28
479,2,8,4,2342.73,793.02,2024-09-25,2024-09-27
480,1,1,1,1232.2,265.52,2024-12-13,2024-12-14
481,2,3,3,318.89,101.02,2023-12-14,2023-12-15
482,1,9,2,197.41,77.07,2023-11-28,2023-12-01
483,1,1,1,1020.41,450.66,2025-03-15,2025-03-17
484,1,2,1,2217.88,1201.34,2025-05-25,2025-05-27
485,2,7,4,1277.47,461.68,2025-06-18,2025-06-25
486,1,8,2,2459.3,1289.06,2024-07-07,2024-07-10
487,1,2,2,2743.25,1297.65,2025-05-09,2025-05-11
488,2,3,3,209.69,63.47,2024-12-01,2024-12-08
489,2,2,3,1557.08,897.39,2024-04-11,2024-04-15
490,1,5,2,2692.76,768.38,2025-03-06,2025-03-08
491,2,7,4,1442.71,412.88,2024-05-22,2024-05-26
492,2,5,4,1543.4,626.93,2025-02-10,2025-02-12
493,1,4,1,967.83,439.48,2024-04-06,2024-04-12
494,2,5,3,2433.67,855.5,2025-04-17,2025-04-20
495,1,10,1,551.09,169.28,2024-02-01,2024-02-07
496,1,6,1,455.09,154.18,2023-11-21,2023-11-22
497,2,8,3,2551.39,649.75,2025-07-14,2025-07-17
498,2,7,3,510.58,212.01,2024-05-23,2024-05-28
499,2,10,3,756.49,304.12,2025-07-23,2025-07-26
500,1,10,1,1384.97,648.01,2024-06-05,2024-06-08
501,2,3,3,268.46,127.38,2024-10-31,2024-11-05
502,1,2,2,2319.35,1017.41,2025-01-12,2025-01-16
503,1,3,2,451.72,99.7,2024-05-05,2024-05-09
504,1,8,2,2477.68,743.11,2025-02-11,2025-02-18
505,2,5,3,2905.86,1504.78,2024-03-12,2024-03-16
506,1,4,2,989.57,582.37,2024-12-24,2024-12-26
507,2,5,4,2383.01,815.27,2025-07-09,2025-07-16
508,2,10,4,575.56,201.31,2025-02-16,2025-02-22
509,1,7,2,1131.73,383.7,2024-11-28,2024-12-02
510,2,9,4,308.14,101.0,2024-11-03,2024-11-04
511,1,5,1,1873.39,804.12,2024-05-09,2024-05-13
512,1,2,1,2321.47,647.16,2025-06-11,2025-06-16
513,1,3,2,187.24,57.91,2023-12-08,2023-12-09
514,2,8,4,2223.25,765.49,2024-08-20,2024-08-22
515,1,7,2,593.61,151.81,2025-07-30,2025-08-05
516,1,1,1,995.78,427.06,2024-03-24,2024-03-27
517,1,1,2,1098.43,288.0,2025-06-13,2025-06-20
518,1,6,1,449.88,218.51,2024-02-01,2024-02-06
519,2,6,4,373.26,210.08,2024-11-23,2024-11-29
520,1,5,1,2837.93,1332.87,2025-07-18,2025-07-23
521,1,6,1,324.29,100.99,2025-08-09,2025-08-12
522,2,2,4,2394.79,959.8,2025-05-24,2025-05-26
523,2,10,3,811.91,250.65,2024-05-14,2024-05-18
524,2,2,4,2208.7,1027.38,2025-05-28,2025-06-04
525,2,3,4,236.05,132.83,2024-11-02,2024-11-05
526,1,9,1,169.62,99.28,2023-10-28,2023-11-02
527,1,5,2,2179.93,699.42,2024-03-02,2024-03-07
528,2,9,3,248.1,105.05,2024-09-29,2024-10-03
529,2,2,3,1588.92,953.05,2025-03-17,2025-03-22
530,2,5,3,2580.58,1022.97,2024-03-15,2024-03-16
531,2,9,4,271.59,65.29,2023-12-12,2023-12-14
532,1,3,1,268.25,64.65,2024-12-25,2024-12-26
533,2,8,3,1976.31,947.17,2025-07-07,2025-07-09
534,1,3,2,152.48,56.01,2025-02-26,2025-03-05
535,1,9,1,179.8,90.14,2025-03-20,2025-03-25
536,2,6,4,214.25,111.87,2025-02-24,2025-02-25
537,1,8,2,2303.35,538.03,2024-09-09,2024-09-12
538,2,10,3,763.97,205.42,2023-10-14,2023-10-21
539,2,7,3,935.63,212.43,2025-04-20,2025-04-21
540,2,4,4,1330.52,474.89,2024-08-07,2024-08-14
541,2,5,4,2113.74,784.76,2025-07-11,2025-07-13
542,1,3,1,391.16,202.27,2024-11-28,2024-12-01
543,2,2,4,1603.33,774.29,2024-02-04,2024-02-06
544,1,9,1,451.36,207.65,2024-08-15,2024-08-16
545,1,9,2,200.71,82.54,2025-08-01,2025-08-05
546,2,1,3,1476.82,301.57,2023-10-04,2023-10-10
547,1,8,1,1748.85,851.54,2024-04-24,2024-04-29
548,2,8,4,2850.91,878.81,2023-11-11,2023-11-17
549,1,9,1,184.47,103.7,2024-05-12,2024-05-15
550,2,2,3,1772.72,909.66,2025-08-08,2025-08-14
551,2,9,3,494.21,102.85,2024-09-16,2024-09-21
552,1,7,1,762.4,152.93,2024-08-21,2024-08-25
553,1,2,2,1621.09,376.34,2024-05-15,2024-05-21
554,1,3,1,226.9,130.15,2024-05-04,2024-05-07
555,2,7,4,963.85,201.32,2024-05-01,2024-05-03
556,1,9,1,157.39,53.04,2024-08-22,2024-08-23
557,1,3,2,465.94,179.25,2025-05-24,2025-05-30
558,2,10,4,979.93,448.08,2025-01-27,2025-01-29
559,1,9,2,182.22,105.25,2025-05-13,2025-05-17
560,2,2,3,1812.84,860.25,2024-05-09,2024-05-10
561,1,1,2,1041.79,228.89,2024-12-07,2024-12-14
562,2,4,3,924.44,231.8,2024-10-26,2024-11-01
563,2,3,3,388.83,129.49,2024-12-23,2024-12-26
564,2,4,3,871.42,486.95,2025-01-13,2025-01-17
565,2,3,4,197.31,75.26,2023-12-26,2024-01-02
566,2,4,3,631.36,303.82,2025-06-16,2025-06-19
567,2,8,3,2924.6,1216.76,2025-07-11,2025-07-17
568,2,3,4,423.3,171.22,2024-10-20,2024-10-26
569,1,2,2,2093.21,1159.59,2025-02-20,2025-02-25
570,1,10,2,1280.75,351.42,2024-02-16,2024-02-20
571,1,9,1,354.79,189.41,2025-05-14,2025-05-16
572,1,10,2,1431.83,470.76,2024-08-12,2024-08-15
573,1,7,1,789.68,240.67,2023-10-05,2023-10-06
574,1,1,2,706.7,172.4,2023-11-26,2023-12-01
575,2,1,3,1141.98,286.62,2024-06-16,2024-06-23
576,1,4,1,922.63,527.94,2025-01-05,2025-01-06
577,2,1,4,899.6,238.9,2025-06-20,2025-06-22
578,1,10,1,792.45,263.68,2024-03-15,2024-03-19
579,2,6,3,440.18,190.7,2024-07-07,2024-07-11
580,2,6,4,485.02,240.78,2023-11-04,2023-11-08
581,2,1,4,530.0,236.26,2024-09-23,2024-09-27
582,1,7,1,652.14,270.14,2023-11-29,2023-12-03
583,2,3,4,385.24,162.91,2025-07-16,2025-07-23
584,2,9,4,203.32,109.5,2023-09-11,2023-09-14
585,2,10,3,1216.86,376.03,2024-07-24,2024-07-26
586,2,2,3,1797.57,726.62,2024-01-23,2024-01-24
587,1,10,2,1214.32,549.77,2024-08-12,2024-08-14
588,2,6,4,245.64,143.21,2024-03-04,2024-03-07
589,2,9,4,472.79,174.24,2023-10-10,2023-10-16
590,1,6,1,267.2,130.47,2025-05-01,2025-05-08
591,1,10,2,769.44,309.47,2023-10-03,2023-10-10
592,2,9,3,156.95,60.42,2025-02-12,2025-02-14
593,2,10,4,1290.5,633.06,2024-11-14,2024-11-21
594,2,8,4,1711.39,562.17,2023-12-13,2023-12-18
595,1,7,1,598.28,170.03,2025-03-03,2025-03-04
596,2,4,3,994.45,566.63,2024-04-27,2024-04-28
597,2,8,3,2975.2,1339.49,2025-01-22,2025-01-28
598,2,7,4,856.89,196.17,2024-04-20,2024-04-22
599,1,2,2,2199.67,631.77,2024-07-02,2024-07-06
600,1,5,2,2028.36,898.26,2025-07-03,2025-07-05
601,2,9,4,401.56,195.98,2023-09-26,2023-09-29
602,2,8,4,1788.43,607.59,2024-04-12,2024-04-13
603,1,8,2,1817.21,993.47,2024-02-15,2024-02-18
604,2,10,3,1428.96,505.32,2024-09-16,2024-09-20
605,2,1,4,655.7,292.1,2024-06-18,2024-06-21
606,2,5,4,1835.18,949.97,2025-03-26,2025-03-28
607,1,8,1,2822.57,1357.04,2024-08-29,2024-08-30
608,1,4,1,850.61,414.26,2024-03-20,2024-03-24
609,2,8,3,2313.92,1313.84,2025-07-22,2025-07-28
610,1,7,1,865.37,390.58,2025-06-04,2025-06-11
611,2,6,3,495.74,143.91,2025-07-19,2025-07-21
612,2,3,4,494.92,181.0,2025-05-03,2025-05-04
613,2,4,3,820.21,402.81,2025-05-13,2025-05-20
614,1,9,2,498.93,205.84,2025-05-01,2025-05-02
615,1,6,1,255.22,76.44,2025-01-08,2025-01-11
616,1,4,2,1022.02,351.84,2024-03-09,2024-03-15
617,2,5,3,1841.78,610.09,2023-10-05,2023-10-11
618,1,9,2,476.55,235.73,2023-09-29,2023-10-04
619,2,9,4,312.11,183.63,2024-10-29,2024-11-04
620,1,3,2,173.85,53.89,2024-11-22,2024-11-26
621,1,10,1,693.74,155.11,2023-11-24,2023-12-01
622,2,5,3,2148.41,784.79,2024-06-19,2024-06-26
623,2,1,3,863.24,357.0,2024-04-03,2024-04-05
624,1,2,1,2543.69,827.37,2025-08-12,2025-08-17
625,1,4,2,1150.43,462.52,2024-08-29,2024-09-04
626,1,5,1,2444.23,511.34,2025-03-04,2025-03-09
627,1,1,1,625.82,175.39,2024-05-30,2024-06-03
628,2,3,4,424.23,153.49,2025-01-11,2025-01-16
629,2,4,3,1483.98,458.32,2024-12-07,2024-12-12
630,2,8,3,1792.42,801.75,2024-05-10,2024-05-16
631,1,10,1,1031.73,491.47,2024-04-26,2024-04-27
632,2,8,4,2104.57,422.47,2025-03-19,2025-03-26
633,2,4,3,747.56,215.82,2024-01-01,2024-01-05
634,1,4,2,518.48,235.0,2024-08-02,2024-08-06
635,1,6,1,175.73,68.03,2023-10-16,2023-10-17
636,2,6,4,186.03,88.79,2025-06-12,2025-06-15
637,1,8,2,1656.7,351.52,2024-09-23,2024-09-26
638,2,4,4,598.36,249.12,2024-04-26,2024-05-02
639,1,2,2,2774.11,1063.44,2024-11-24,2024-11-28
640,2,1,3,997.51,226.31,2023-12-20,2023-12-27
641,1,1,2,1408.26,394.35,2024-09-04,2024-09-07
642,2,1,4,1211.26,257.42,2023-12-24,2023-12-30
643,1,5,2,1816.71,985.96,2023-09-29,2023-10-05
644,1,3,1,367.24,126.03,2024-04-10,2024-04-13
645,2,1,3,646.96,344.08,2025-01-17,2025-01-21
646,2,10,4,589.62,184.8,2023-10-18,2023-10-19
647,2,8,3,1603.97,663.21,2024-07-29,2024-07-30
648,1,3,2,344.82,171.24,2024-01-18,2024-01-25
649,1,10,2,809.74,242.33,2024-08-14,2024-08-16
650,2,6,3,422.35,199.46,2024-08-07,2024-08-13
651,1,1,2,592.16,265.37,2024-09-26,2024-10-02
652,2,7,3,1280.69,331.69,2024-09-13,2024-09-19
653,2,2,3,2639.35,550.3,2024-11-20,2024-11-25
654,1,4,1,1219.59,278.31,2023-12-22,2023-12-26
655,2,10,3,533.99,255.27,2024-11-11,2024-11-12
656,1,4,1,1282.79,450.67,2025-02-01,2025-02-06
657,1,10,2,610.59,254.8,2024-12-19,2024-12-23
658,1,3,1,497.87,115.69,2025-06-08,2025-06-10
659,1,9,2,420.44,185.78,2025-04-10,2025-04-16
660,1,2,2,2688.11,1430.29,2024-08-06,2024-08-08
661,2,9,3,494.52,181.31,2023-12-03,2023-12-10
662,1,7,1,836.75,175.09,2023-09-20,2023-09-26
663,2,8,4,1713.13,516.25,2024-11-17,2024-11-24
664,1,5,2,1882.17,841.53,2024-03-11,2024-03-13
665,1,10,1,584.19,139.82,2025-01-03,2025-01-09
666,2,7,4,800.43,478.38,2024-09-09,2024-09-16
667,1,6,1,396.97,169.77,2024-02-20,2024-02-24
668,1,3,1,397.12,226.18,2024-07-08,2024-07-15
669,1,4,1,1295.43,430.48,2024-01-05,2024-01-10
670,2,7,4,554.22,216.59,2024-08-02,2024-08-06
671,2,10,4,573.21,182.79,2025-02-14,2025-02-17
672,2,10,3,1059.67,624.65,2024-10-28,2024-10-30
673,1,9,2,222.43,104.47,2025-07-08,2025-07-13
674,1,10,1,672.37,294.31,2024-05-24,2024-05-31
675,1,8,2,2467.7,568.35,2024-09-02,2024-09-08
676,1,8,1,2869.23,1344.49,2025-06-18,2025-06-25
677,1,5,2,2749.93,1283.97,2025-06-03,2025-06-09
678,1,10,1,1378.47,695.34,2024-04-05,2024-04-06
679,1,6,2,257.33,74.39,2025-02-14,2025-02-15
680,1,2,1,1592.67,798.0,2023-11-29,2023-12-05
681,1,7,2,609.97,278.65,2024-02-03,2024-02-04
682,2,8,3,2607.17,1446.79,2025-04-30,2025-05-03
683,2,1,3,548.92,130.49,2025-04-21,2025-04-26
684,1,4,2,772.93,197.68,2025-07-17,2025-07-23
685,1,1,2,729.88,175.21,2025-03-15,2025-03-17
686,1,7,2,1009.44,247.27,2024-10-21,2024-10-22
687,2,10,3,1408.49,596.68,2024-08-15,2024-08-20
688,2,6,4,356.61,140.77,2024-01-19,2024-01-22
689,1,3,2,456.94,228.66,2025-04-24,2025-04-27
690,1,4,1,880.39,354.27,2024-09-22,2024-09-25
691,1,7,2,1428.44,631.08,2024-09-30,2024-10-07
692,2,9,3,241.93,107.09,2025-08-15,2025-08-19
693,1,3,2,373.95,184.81,2024-09-28,2024-10-03
694,2,9,3,496.55,208.79,2024-01-26,2024-01-30
695,1,1,2,698.88,301.62,2024-04-12,2024-04-14
696,2,9,4,328.92,67.44,2025-04-01,2025-04-06
697,1,8,2,1520.11,747.59,2025-04-02,2025-04-06
698,2,7,4,1480.95,841.38,2024-10-24,2024-10-28
699,2,9,3,176.8,80.1,2025-03-29,2025-03-31
700,2,4,4,1211.28,343.84,2025-09-07,2025-09-13
701,1,8,2,2367.03,1291.04,2024-01-29,2024-01-31
702,2,4,3,751.3,203.9,2024-09-30,2024-10-01
703,1,1,1,933.47,227.81,2025-04-04,2025-04-11
704,2,5,3,2085.1,727.41,2023-11-06,2023-11-08
705,2,7,3,1232.22,543.47,2024-04-05,2024-04-11
706,2,8,3,1773.88,429.7,2024-01-18,2024-01-20
707,1,5,1,2122.94,901.1,2024-02-01,2024-02-06
708,2,5,4,2746.21,1150.99,2024-08-05,2024-08-08
709,1,8,1,2367.25,1162.88,2023-10-14,2023-10-18
710,2,5,4,2295.78,646.67,2025-03-30,2025-04-02
711,2,9,4,157.66,49.78,2024-07-20,2024-07-22
712,2,8,3,2371.85,857.48,2025-07-28,2025-07-29
713,2,4,4,713.53,327.3,2024-08-02,2024-08-04
714,1,3,2,430.44,216.91,2025-02-15,2025-02-20
715,2,3,4,183.37,84.68,2024-02-12,2024-02-15
716,2,3,4,309.59,100.59,2023-10-24,2023-10-29
717,2,3,3,317.27,133.43,2024-10-28,2024-10-29
718,1,1,1,735.73,375.88,2023-11-27,2023-11-29
719,2,4,4,1276.99,595.04,2025-04-18,2025-04-19
720,2,4,3,536.31,185.5,2023-09-17,2023-09-21
721,1,10,2,1169.06,586.2,2024-11-30,2024-12-01
722,1,10,1,1401.18,468.56,2024-06-18,2024-06-25
723,2,2,4,1860.32,718.44,2024-07-30,2024-08-03
724,1,8,1,1961.63,703.68,2024-03-12,2024-03-18
725,1,9,2,458.34,237.78,2025-02-11,2025-02-16
726,1,9,1,358.34,179.37,2024-11-04,2024-11-09
727,1,9,2,457.28,97.64,2024-02-18,2024-02-25
728,2,5,3,2735.88,1209.81,2025-01-08,2025-01-12
729,2,1,3,1395.72,645.67,2024-10-01,2024-10-02
730,1,6,2,271.01,69.5,2023-11-08,2023-11-09
731,1,9,1,479.51,233.82,2023-10-25,2023-10-28
732,2,5,4,1539.33,650.32,2025-06-17,2025-06-22
733,2,4,4,1211.09,275.61,2025-07-26,2025-07-28
734,2,10,4,1128.07,585.57,2025-06-12,2025-06-15
735,2,5,4,2279.65,951.33,2025-07-26,2025-08-01
736,2,9,3,389.16,214.82,2024-01-23,2024-01-24
737,2,1,3,919.46,251.65,2024-04-24,2024-04-26
738,2,4,4,827.11,286.8,2024-09-16,2024-09-23
739,1,8,1,1663.09,716.12,2025-02-24,2025-03-03
740,1,10,1,1496.93,531.99,2024-08-12,2024-08-13
741,1,1,1,951.44,519.62,2025-03-06,2025-03-07
742,2,3,3,300.05,112.43,2024-10-06,2024-10-08
743,2,4,4,532.91,216.52,2025-07-07,2025-07-08
744,1,9,1,347.24,182.78,2024-01-14,2024-01-21
745,1,8,2,1682.41,677.76,2024-05-19,2024-05-25
746,2,6,4,160.1,88.89,2024-02-26,2024-03-02
747,2,6,4,224.6,115.35,2024-10-03,2024-10-09
748,1,8,1,1642.86,790.93,2024-08-16,2024-08-22
749,2,2,3,2380.11,875.12,2024-10-30,2024-11-02
750,2,8,3,1973.83,902.4,2025-04-04,2025-04-05
751,1,1,1,1263.2,380.23,2023-10-08,2023-10-11
752,1,7,1,1311.79,337.89,2024-11-29,2024-12-05
753,1,2,2,2104.64,1086.58,2024-09-24,2024-09-26
754,2,8,4,2115.52,644.65,2024-04-11,2024-04-18
755,2,5,4,1894.5,934.05,2023-10-07,2023-10-12
756,2,9,4,253.66,131.62,2025-06-10,2025-06-14
757,1,6,2,452.89,94.71,2025-01-07,2025-01-10
758,2,10,3,737.51,352.68,2024-03-03,2024-03-07
759,1,6,2,282.96,145.06,2025-07-07,2025-07-14
760,2,3,4,496.1,290.5,2024-04-12,2024-04-13
761,1,10,1,606.6,348.9,2025-02-18,2025-02-20
762,2,10,3,1101.69,255.77,2024-03-16,2024-03-19
763,2,8,3,2893.86,1561.3,2025-06-25,2025-06-30
764,2,6,3,455.65,143.58,2024-09-06,2024-09-13
765,1,2,2,1521.54,655.01,2024-03-09,2024-03-13
766,1,3,1,296.63,129.27,2024-12-13,2024-12-20
767,2,2,3,1782.93,784.91,2023-12-02,2023-12-08
768,1,7,2,1271.87,644.8,2024-04-07,2024-04-09
769,2,1,4,1289.92,624.32,2024-07-22,2024-07-29
770,2,3,3,157.24,67.82,2025-09-01,2025-09-06
771,1,5,2,1664.32,864.39,2025-07-14,2025-07-16
772,1,3,1,335.69,130.56,2025-06-25,2025-06-26
773,2,2,3,2642.6,1512.98,2025-09-08,2025-09-15
774,2,8,4,1751.61,540.07,2024-02-24,2024-02-25
775,1,6,1,424.7,175.08,2025-08-06,2025-08-12
776,2,5,4,2692.51,731.1,2024-01-22,2024-01-25
777,2,8,4,2128.15,1141.14,2025-01-29,2025-01-30
778,2,8,3,2105.32,861.12,2025-02-24,2025-03-02
779,1,4,1,593.6,146.97,2024-08-26,2024-08-27
780,1,2,1,1638.76,801.79,2025-08-08,2025-08-10
781,1,10,2,1363.48,441.8,2024-01-01,2024-01-03
782,1,8,2,2258.31,795.71,2024-08-21,2024-08-25
783,1,6,2,156.09,72.62,2024-08-22,2024-08-28
784,1,9,2,245.12,129.02,2024-04-18,2024-04-23
785,2,9,3,405.12,110.34,2023-10-28,2023-11-04
786,2,1,4,997.31,550.5,2024-06-06,2024-06-10
787,1,6,2,262.31,92.57,2023-09-11,2023-09-15
788,1,3,2,462.68,125.48,2024-03-26,2024-03-27
789,1,4,1,1343.86,416.3,2024-05-08,2024-05-14
790,2,3,4,322.68,185.15,2024-03-29,2024-03-30
791,2,4,4,770.54,368.98,2025-01-09,2025-01-14
792,2,8,4,1972.22,468.36,2025-03-31,2025-04-01
793,1,5,1,2877.09,869.94,2024-05-05,2024-05-06
794,1,10,1,1055.24,278.2,2024-04-13,2024-04-15
795,1,6,1,365.24,210.49,2025-08-08,2025-08-15
796,1,10,1,549.58,187.12,2025-03-03,2025-03-04
797,2,7,4,1351.34,594.25,2025-02-12,2025-02-16
798,2,5,4,1815.11,827.62,2025-01-12,2025-01-18
799,1,2,2,1883.85,398.57,2025-06-08,2025-06-10
800,1,7,1,723.19,289.54,2024-12-08,2024-12-09
801,2,8,3,1715.13,652.03,2025-01-06,2025-01-07
802,2,7,4,553.58,328.36,2023-12-16,2023-12-21
803,2,7,4,1262.03,293.56,2024-11-12,2024-11-16
804,1,2,2,1722.98,627.17,2024-11-10,2024-11-11
805,1,6,1,494.74,168.69,2024-11-16,2024-11-20
806,1,9,1,196.95,114.57,2025-01-03,2025-01-10
807,1,6,1,419.2,121.6,2024-05-10,2024-05-16
808,2,8,4,2917.51,1749.22,2024-02-02,2024-02-06
809,1,10,2,834.61,299.55,2025-08-27,2025-09-02
810,2,7,3,952.03,252.04,2023-09-21,2023-09-27
811,2,6,4,233.58,118.47,2025-07-13,2025-07-20
812,1,1,1,788.75,383.41,2025-05-12,2025-05-14
813,2,10,3,1478.69,783.69,2023-09-20,2023-09-24
814,1,4,1,1434.55,471.92,2023-11-18,2023-11-20
815,2,3,3,459.23,159.85,2025-04-18,2025-04-20
816,2,1,4,883.33,492.06,2025-05-20,2025-05-25
817,1,6,1,209.15,41.97,2025-07-06,2025-07-12
818,1,2,2,2321.41,1278.18,2025-02-18,2025-02-20
819,1,10,2,841.75,399.26,2024-04-16,2024-04-21
820,1,9,2,199.63,52.73,2024-07-28,2024-07-31
821,2,2,4,1925.53,1130.8,2023-11-07,2023-11-09
822,1,2,1,1541.94,672.87,2025-03-17,2025-03-19
823,2,10,4,1229.5,520.26,2025-02-10,2025-02-12
824,1,7,1,991.04,323.0,2024-06-06,2024-06-11
825,2,4,4,1101.52,432.23,2024-07-30,2024-08-02
826,2,6,3,260.82,91.52,2023-11-10,2023-11-16
827,2,4,3,522.48,236.74,2024-06-28,2024-07-01
828,1,10,1,1338.12,460.11,2024-04-13,2024-04-16
829,2,7,4,599.63,338.89,2025-07-13,2025-07-18
830,2,4,3,643.59,283.49,2025-02-20,2025-02-27
831,2,6,4,220.31,45.24,2025-08-19,2025-08-24
832,1,9,1,367.84,137.52,2024-07-10,2024-07-14
833,1,4,1,674.35,315.57,2025-03-20,2025-03-26
834,1,6,1,372.3,202.83,2024-08-23,2024-08-28
835,1,3,1,361.7,206.47,2024-06-22,2024-06-26
836,2,3,3,246.19,98.0,2025-01-27,2025-01-31
837,1,3,1,198.73,72.83,2024-10-11,2024-10-15
838,1,6,1,224.92,106.0,2025-08-18,2025-08-21
839,1,3,1,168.39,70.94,2024-10-15,2024-10-16
840,1,2,2,2428.04,490.11,2024-04-03,2024-04-04
841,1,5,1,1726.99,361.64,2023-12-23,2023-12-26
842,1,4,1,1290.4,680.8,2024-06-03,2024-06-09
843,2,9,4,296.64,100.71,2025-01-17,2025-01-22
844,2,3,3,493.87,190.31,2025-08-21,2025-08-26
845,2,8,3,2477.13,934.25,2025-03-24,2025-03-27
846,1,9,1,227.03,114.13,2024-08-24,2024-08-31
847,1,9,1,397.9,134.47,2024-07-04,2024-07-09
848,1,3,1,242.71,48.75,2024-05-14,2024-05-16
849,2,7,4,686.62,160.93,2024-10-22,2024-10-23
850,1,7,1,622.66,218.01,2024-12-30,2025-01-06
851,1,8,2,2712.94,1490.46,2024-09-06,2024-09-09
852,2,6,4,496.58,214.3,2024-03-20,2024-03-22
853,1,8,2,2392.83,1077.3,2024-04-17,2024-04-19
854,2,3,4,369.93,216.74,2023-12-20,2023-12-24
855,2,2,4,1941.03,717.52,2024-10-04,2024-10-08
856,2,7,3,1160.23,575.7,2024-07-15,2024-07-21
857,1,3,2,256.77,124.12,2024-11-23,2024-11-25
858,2,3,3,370.1,130.05,2024-03-11,2024-03-16
859,2,6,4,284.94,150.88,2024-02-25,2024-02-29
860,1,3,2,457.69,233.15,2025-03-19,2025-03-21
861,1,2,2,2985.66,652.53,2023-09-23,2023-09-28
862,2,1,4,832.14,323.28,2023-12-10,2023-12-12
863,1,4,2,818.17,308.43,2024-11-18,2024-11-19
864,1,7,1,1476.92,383.27,2024-08-11,2024-08-17
865,1,5,2,1846.68,825.32,2024-05-17,2024-05-18
866,1,5,1,2770.57,969.76,2024-12-30,2025-01-03
867,2,8,4,2343.62,1301.54,2024-10-27,2024-10-28
868,2,8,3,2255.0,824.24,2024-05-12,2024-05-13
869,1,9,2,473.13,97.8,2025-06-12,2025-06-15
870,2,6,4,298.07,63.27,2025-05-30,2025-06-05
871,1,5,2,1832.38,652.83,2023-12-04,2023-12-11
872,2,5,4,1641.87,845.85,2024-07-30,2024-08-03
873,1,1,2,1327.97,286.06,2025-08-21,2025-08-25
874,1,2,2,1907.34,896.49,2024-06-19,2024-06-20
875,2,10,3,1030.24,478.67,2025-04-08,2025-04-14
876,1,7,1,1212.8,725.19,2025-06-27,2025-07-02
877,1,6,1,319.99,157.55,2023-11-23,2023-11-25
878,1,7,2,1442.56,689.75,2025-04-20,2025-04-24
879,1,10,1,969.26,333.42,2025-01-09,2025-01-10
880,1,3,2,218.59,111.24,2023-09-16,2023-09-20
881,2,5,4,1755.52,992.67,2025-07-31,2025-08-06
882,1,10,1,921.1,436.27,2024-04-11,2024-04-16
883,1,2,2,1892.49,456.9,2023-10-30,2023-11-04
884,1,10,2,1120.06,653.85,2025-07-22,2025-07-26
885,1,6,1,496.27,135.97,2024-04-01,2024-04-08
886,1,7,2,618.08,172.33,2024-03-15,2024-03-22
887,1,9,2,484.53,157.86,2024-07-24,2024-07-26
888,1,4,1,1229.28,480.32,2023-09-19,2023-09-26
889,1,5,1,2885.26,874.12,2025-05-23,2025-05-29
890,1,9,2,376.32,144.38,2023-10-08,2023-10-13
891,2,5,4,1883.52,780.8,2025-01-14,2025-01-20
892,1,8,2,2422.09,1198.4,2024-07-29,2024-08-03
893,1,9,2,252.21,92.46,2024-03-25,2024-03-27
894,2,9,4,471.43,141.52,2023-10-03,2023-10-05
895,1,5,1,1827.26,464.26,2024-06-01,2024-06-03
896,1,2,1,2990.25,1721.32,2024-07-24,2024-07-27
897,2,2,3,2859.42,1067.93,2024-09-29,2024-10-03
898,1,7,2,859.56,374.82,2024-03-30,2024-04-06
899,1,9,1,347.81,164.23,2024-09-09,2024-09-13
900,1,9,1,461.87,267.6,2024-11-22,2024-11-24
901,1,5,1,1998.44,1013.06,2024-06-02,2024-06-05
902,1,5,1,1884.13,911.0,2025-03-23,2025-03-24
903,1,3,2,438.24,120.28,2025-08-07,2025-08-09
904,1,10,1,795.8,329.62,2024-07-29,2024-08-01
905,1,8,1,1703.79,382.99,2025-08-09,2025-08-14
906,1,4,1,1426.79,657.59,2024-12-04,2024-12-05
907,2,5,3,2127.71,609.48,2024-11-25,2024-11-26
908,1,8,1,2661.01,1198.27,2025-01-12,2025-01-19
909,2,3,3,410.48,224.86,2024-11-23,2024-11-29
910,2,10,3,718.15,260.48,2024-06-08,2024-06-11
911,1,7,1,849.15,469.92,2025-08-02,2025-08-08
912,1,8,1,1538.33,379.91,2025-04-19,2025-04-21
913,1,3,1,193.46,63.85,2024-03-30,2024-04-03
914,1,8,2,1935.89,958.61,2025-01-12,2025-01-16
915,1,9,1,353.64,71.08,2025-08-16,2025-08-21
916,1,3,2,366.96,188.33,2023-09-23,2023-09-30
917,2,5,3,2689.58,611.18,2024-07-15,2024-07-16
918,1,10,1,871.47,311.65,2024-12-15,2024-12-22
919,1,5,2,2092.74,617.97,2024-02-14,2024-02-15
920,2,2,3,1799.23,502.55,2024-07-01,2024-07-07
921,2,2,4,2498.72,1470.12,2025-04-11,2025-04-15
922,1,6,2,450.95,161.83,2023-11-25,2023-12-02
923,1,7,2,1060.23,226.83,2025-04-18,2025-04-23
924,2,8,4,1990.43,754.41,2024-04-05,2024-04-12
925,1,9,1,186.07,70.07,2024-02-22,2024-02-23
926,2,6,4,279.45,134.15,2025-02-14,2025-02-18
927,1,1,2,1054.82,567.9,2023-12-11,2023-12-17
928,2,5,4,2650.63,1400.47,2023-11-22,2023-11-29
929,2,3,4,333.69,82.37,2023-11-05,2023-11-06
930,2,3,4,309.37,137.63,2024-09-30,2024-10-07
931,1,1,1,1486.3,341.06,2023-12-07,2023-12-13
932,1,7,1,1059.11,449.62,2024-06-17,2024-06-21
933,2,9,4,239.24,78.71,2023-12-17,2023-12-20
934,1,9,1,363.04,142.99,2024-11-03,2024-11-08
935,1,7,2,745.09,256.88,2025-05-24,2025-05-30
936,2,10,4,726.95,308.27,2025-07-15,2025-07-17
937,2,6,4,235.73,111.77,2025-01-24,2025-01-30
938,2,10,4,696.14,369.86,2023-11-03,2023-11-04
939,2,1,4,1497.7,746.8,2024-06-29,2024-06-30
940,2,6,3,231.46,108.07,2024-03-03,2024-03-05
941,1,6,2,282.18,168.29,2024-02-19,2024-02-20
942,1,9,2,366.31,98.99,2025-06-21,2025-06-28
943,2,7,3,720.53,239.99,2023-12-04,2023-12-05
944,1,3,1,367.62,138.45,2025-01-16,2025-01-21
945,2,10,3,881.09,224.49,2024-06-10,2024-06-16
946,1,7,2,610.53,167.57,2023-09-25,2023-09-29
947,2,5,3,1929.56,1097.26,2024-10-27,2024-11-02
948,2,3,3,235.24,114.05,2023-11-29,2023-12-06
949,2,5,3,2374.2,825.35,2025-09-02,2025-09-06
950,2,5,4,2065.61,693.26,2024-03-29,2024-04-01
951,2,5,4,2121.7,493.1,2024-01-25,2024-01-26
952,2,5,3,2943.12,1376.84,2024-12-16,2024-12-20
953,1,1,1,893.08,253.65,2025-03-12,2025-03-17
954,2,1,3,1260.69,256.72,2025-07-25,2025-08-01
955,1,9,2,180.05,93.49,2025-09-05,2025-09-11
956,2,7,4,1006.07,209.78,2023-10-28,2023-11-02
957,2,7,3,796.96,430.22,2025-01-03,2025-01-08
958,1,9,2,419.02,112.72,2025-05-16,2025-05-19
959,2,8,4,2266.65,1187.57,2024-02-27,2024-02-28
960,2,8,4,1751.52,464.31,2025-08-01,2025-08-08
961,2,5,4,2129.5,512.24,2024-10-12,2024-10-16
962,1,2,2,2254.72,653.24,2025-05-21,2025-05-24
963,1,7,2,732.41,159.68,2024-12-06,2024-12-07
964,1,6,1,308.38,140.67,2024-06-21,2024-06-23
965,2,9,4,340.43,174.84,2023-10-08,2023-10-10
966,2,3,3,441.39,173.61,2024-10-12,2024-10-15
967,2,9,4,462.22,165.49,2023-10-02,2023-10-09
968,1,1,1,1460.63,731.47,2025-05-09,2025-05-15
969,1,6,1,193.05,56.38,2023-09-29,2023-10-01
970,1,7,2,1449.45,637.93,2025-04-16,2025-04-21
971,1,9,2,193.42,106.22,2024-03-05,2024-03-07
972,2,5,4,2213.5,512.99,2025-08-06,2025-08-07
973,2,3,3,324.72,150.0,2024-01-08,2024-01-12
974,2,5,3,1895.53,711.98,2024-07-31,2024-08-01
975,2,3,4,347.45,187.73,2023-11-12,2023-11-19
976,1,6,2,462.13,205.2,2025-01-26,2025-01-28
977,1,8,2,1742.49,773.22,2024-01-18,2024-01-23
978,2,2,3,1592.54,806.74,2024-10-28,2024-10-29
979,2,1,4,1118.04,341.23,2024-05-19,2024-05-20
980,1,9,2,453.89,109.83,2024-01-11,2024-01-16
981,1,9,1,449.2,216.2,2024-10-25,2024-10-31
982,2,7,4,986.59,563.09,2023-11-16,2023-11-20
983,2,8,4,1558.52,822.4,2024-07-07,2024-07-11
984,1,3,2,382.53,222.11,2024-11-09,2024-11-11
985,2,4,4,972.27,510.68,2024-07-03,2024-07-08
986,1,9,1,215.16,50.2,2025-02-08,2025-02-15
987,2,8,4,2815.87,994.6,2024-10-07,2024-10-09
988,2,10,4,1359.32,802.73,2025-06-18,2025-06-21
989,2,3,3,298.21,75.29,2024-05-22,2024-05-29
990,2,9,3,163.37,91.68,2023-09-10,2023-09-11
991,2,9,4,303.22,151.55,2024-06-15,2024-06-16
992,2,8,3,1720.67,780.17,2025-02-18,2025-02-24
993,2,6,3,181.96,90.11,2025-03-09,2025-03-14
994,2,5,4,2125.09,1203.58,2023-10-29,2023-11-04
995,1,2,1,1754.82,827.73,2024-09-23,2024-09-29
996,2,10,4,1453.41,727.87,2024-09-10,2024-09-11
997,1,8,2,2030.39,872.02,2025-04-14,2025-04-18
998,2,2,4,1611.71,959.67,2025-05-14,2025-05-17
999,2,1,4,827.27,188.44,2023-11-09,2023-11-14
1000,1,5,2,1674.83,971.57,2023-09-11,2023-09-14
